5202686332,5202685441,5402610041,5402685902,5402615404,5502685158
5302610141,5302455018,5402615602,5402615057,5502615155,5602640319
5302680219,5302520084,5402615859,5402685449,5502615734,5502685281
5302686745,5302615074,5402680580,5602686288,5502616005,5504611046
5302686877,5302615124,5402685183,5502686123,5502685224,5702615054
5304610826,5302615173,5402686397,5402685084,5504610527,5602680489
5304610867,5302615231,5402686736,5402686249,5504611103,5502680522
5304680175,5302615520,5404520172,5402685175,5504680157,5602685769
5304680696,5302615561,5404610320,5402685985,5504680173,5602685959
5304680787,5302640106,5404610429,5602686080,5602525098,5602615915
5304680969,5302640585,5404610551,5502615197,5602525114,5502685422
5304681728,5302641070,5404610767,5502615809,5602525148,5504611533
5304681801,5302641211,5404611195,5602685215,5602615147,5602680521
5304681983,5302641245,5404680034,5602685637,5602615212,5502686230
5304682015,5302680227,5404680505,5602615303,5602615220,5707610670
5402525116,5302680540,5404680521,5404680695,5602615238,5602610726
5402525165,5302680631,5404680786,5502685893,5602615436,
5402525181,5302680920,5404680836,5502615155,5602615634,
5402615057,5302685051,5404680877,5504680116,5602615733,
5402615123,5302685374,5404681081,5504611046,5602615840,
5402615248,5302685549,5404681214,5404680240,5602616053,
5402615321,5302685788,5404681230,5502610891,5602616095,
5402615354,5302685861,5404681537,5502610248,5602616152,
5402615370,5302685952,5404681693,5502525180,5602616210,
5402615495,5302686158,5404681735,5504611533,5602685017,
5402615651,5302686190,5404681826,5402685241,5602685033,
5402615669,5302686372,5404681909,5404681800,5602685132,
5402615792,5302686380,5502610222,5404610395,5602685215,
5402615800,5302686463,5502615049,5404681560,5602685371,
5402615826,5302686620,5502615205,5402685977,5602685892,
5402615933,5302686687,5502615338,5401610455,5602685983,
5402615974,5302686885,5502615379,5404681503,5602686148,
5402680192,5302687073,5502615551,5404680349,5602686163,
5402685043,5304610032,5502615767,5502685422,5602686189,
5402685076,5304610347,5502615817,5502686362,5602686288,
5402685340,5304610941,5502615825,5502610669,5602686320,
5402685589,5304611147,5502615924,5502610776,5602686452,
5402685878,5304680027,5502685059,5502520116,5602686510,
5402685985,5304680191,5502685257,5602615329,5402685944,
5402686033,5304680704,5502685406,5502460040,5502525115,
5402686090,5304681116,5502685497,5402686728,5502610511,
5402686249,5304681264,5502685703,5502525032,5502615171,
5402686272,5304681488,5502686198,5502686099,5502615247,
5402686355,5304681694,5402615180,5502680118,5502680035,
5402686363,5309611480,5402680887,5501615205,5502685299,
5402686405,5402460058,5402685886,5502465155,5502685364,
5402686413,5402460330,5402686348,5502465080,5502685927,
5402686561,5402465040,5502615080,5502685083,5502685943,
5402686579,5402465297,5502615130,5502615015,5602610791,
5402686629,5402470347,5502615148,5502610735,5602615014,
5402686660,5402475288,5502615163,5502460032,5602615089,
5402686678,5402520117,5502615213,5602686163,5602615097,
5302525067,5402525082,5502615288,5502615803,5602615121,
5302525182,5402610199,5502615346,5502615250,5602615162,
5302615462,5402610231,5502615387,5502685539,5602615196,
5302680201,5402610272,5502615429,,5602615626,
5302681159,5402610371,5502615445,,5602615667,
5302685739,5402610462,5502615460,,5602615683,
5302685762,5402610645,5502615494,,5602615774,
5302685911,5402615602,5502615593,,5602615857,
5302686984,5402615750,5502615627,,5602615881,
5304680324,5402615859,5502615759,,5602616038,
5402455033,5402615875,5502615882,,5602616046,
5402525157,5402640113,5502615965,,5602616079,
5402615099,5402640220,5502685034,,5602616178,
5402615107,5402640519,5502685158,,5602685025,
5402615131,5402640824,5502685463,,5602685348,
5402615156,5402641301,5502685489,,5602685405,
5402615404,5402641525,5502685513,,5602685512,
5402615453,5402680382,5502685554,,5602685561,
5402615479,5402680689,5502685562,,5602685579,
5402615537,5402680705,5502685604,,5602685637,
5402615578,5402680713,5502685638,,5602685785,
5402615644,5402680895,5502685646,,5602685819,
5402615925,5402680978,5502685653,,5602685918,
5402616006,5402681018,5502685687,,5602685975,
5402685068,5402681026,5502685786,,5602686007,
5402685084,5402681067,5502685794,,5602686106,
5402685092,5402681083,5502685828,,5602686353,
5402685175,5402681133,5502685836,,5602686379,
5402685241,5402681182,5502685877,,5602686387,
5402685258,5402681216,5502686164,,5602686445,
5402685332,5402681307,5502686230,,5602686494,
5402685399,5402685696,5502686297,,5602686502,
5402685415,5402685928,5502686305,,,
5402685423,5402686306,5502686438,,,
5402685449,5402686389,5502686495,,,
5402685472,5402686397,,,,
5402685480,5404610155,,,,
5402685514,5404610197,,,,
5402685522,5404611013,,,,
5402685530,5404680224,,,,
5402685548,5404680505,,,,
5402685555,5404680521,,,,
5402685613,5404680786,,,,
5402685639,5404681024,,,,
5402685803,5404681503,,,,
5402685886,5502042111,,,,
5402685902,5502112971,,,,
5402685977,5502460032,,,,
5402686025,5502460040,,,,
5402686058,5502495020,,,,
5402686207,5502610628,,,,
5402686215,5502610669,,,,
5402686223,5502615130,,,,
5402686280,5502615197,,,,
5402686462,5502615601,,,,
5402686488,5502615809,,,,
5402686538,5502640203,,,,
5402686587,5502640567,,,,
5402686645,5502640633,,,,
5402686702,5502641235,,,,
5402686728,5502680274,,,,
,5502680332,,,,
,5502680464,,,,
,5502685117,,,,
,5502685562,,,,
,5502685786,,,,
,5502685950,,,,
,5502686123,,,,
,5502686230,,,,
,5502686362,,,,
,5602465139,,,,
,5602470188,,,,
,5602470378,,,,
,5602475419,,,,
,5602615147,,,,
,5602615733,,,,
,5602640590,,,,
,5602640715,,,,
,5602640806,,,,
,5602640897,,,,
,5602640905,,,,
,5602641259,,,,
,5602680521,,,,
,5602685512,,,,
,5602685538,,,,
,5602685686,,,,
,5602685769,,,,
,5602685843,,,,
,5602686080,,,,
